USE UCCV3;

-- 1 admin user
INSERT INTO users (role, username, email, password_hash, first_name, last_name, phone) VALUES
('admin', 'admin', 'admin@hopital.ma', 'adminhash', 'Mohamed', 'Admin', '0600000000');

-- 15 departments
INSERT INTO departments (name, location) VALUES
('Cardiology','Building A - Floor 3'),
('Neurology','Building B - Floor 2'),
('Oncology','Building C - Floor 1'),
('Pediatrics','Building A - Floor 1'),
('Orthopedics','Building D - Floor 2'),
('Radiology','Building B - Floor 3'),
('Emergency','Building E - Ground Floor'),
('Urology','Building C - Floor 2'),
('Dermatology','Building A - Floor 4'),
('Ophthalmology','Building D - Floor 1'),
('ENT','Building B - Floor 1'),
('Gynecology','Building C - Floor 3'),
('Psychiatry','Building E - Floor 2'),
('Endocrinology','Building A - Floor 2'),
('Gastroenterology','Building D - Floor 3');

-- 25 users (role='doctor')
INSERT INTO users (role, username, email, password_hash, first_name, last_name, phone) VALUES
('doctor', 'j.adams', 'j.adams@hopital.ma', 'hash1', 'James', 'Adams', '0612345001'),
('doctor', 'l.baker', 'l.baker@hopital.ma', 'hash2', 'Linda', 'Baker', '0623456002'),
('doctor', 'r.clark', 'r.clark@hopital.ma', 'hash3', 'Robert', 'Clark', '0634567003'),
('doctor', 'p.davis', 'p.davis@hopital.ma', 'hash4', 'Patricia', 'Davis', '0645678004'),
('doctor', 'm.evans', 'm.evans@hopital.ma', 'hash5', 'Michael', 'Evans', '0656789005'),
('doctor', 'b.frank', 'b.frank@hopital.ma', 'hash6', 'Barbara', 'Frank', '0667890006'),
('doctor', 'w.green', 'w.green@hopital.ma', 'hash7', 'William', 'Green', '0678901007'),
('doctor', 'e.hill', 'e.hill@hopital.ma', 'hash8', 'Elizabeth', 'Hill', '0689012008'),
('doctor', 't.irwin', 't.irwin@hopital.ma', 'hash9', 'Thomas', 'Irwin', '0690123009'),
('doctor', 'j.jones', 'j.jones@hopital.ma', 'hash10', 'Jennifer', 'Jones', '0601234010'),
('doctor', 'c.king', 'c.king@hopital.ma', 'hash11', 'Charles', 'King', '0612345011'),
('doctor', 's.lee', 's.lee@hopital.ma', 'hash12', 'Susan', 'Lee', '0623456012'),
('doctor', 'c.moore', 'c.moore@hopital.ma', 'hash13', 'Christopher', 'Moore', '0634567013'),
('doctor', 'k.nelson', 'k.nelson@hopital.ma', 'hash14', 'Karen', 'Nelson', '0645678014'),
('doctor', 'd.owens', 'd.owens@hopital.ma', 'hash15', 'Daniel', 'Owens', '0656789015'),
('doctor', 'n.parker', 'n.parker@hopital.ma', 'hash16', 'Nancy', 'Parker', '0667890016'),
('doctor', 'p.quinn', 'p.quinn@hopital.ma', 'hash17', 'Paul', 'Quinn', '0678901017'),
('doctor', 's.reed', 's.reed@hopital.ma', 'hash18', 'Sandra', 'Reed', '0689012018'),
('doctor', 'm.scott', 'm.scott@hopital.ma', 'hash19', 'Mark', 'Scott', '0690123019'),
('doctor', 'l.turner', 'l.turner@hopital.ma', 'hash20', 'Laura', 'Turner', '0601234020'),
('doctor', 'g.white', 'g.white@hopital.ma', 'hash21', 'George', 'White', '0612345021'),
('doctor', 'h.young', 'h.young@hopital.ma', 'hash22', 'Helen', 'Young', '0623456022'),
('doctor', 'i.zhang', 'i.zhang@hopital.ma', 'hash23', 'Ivan', 'Zhang', '0634567023'),
('doctor', 'j.allen', 'j.allen@hopital.ma', 'hash24', 'Julia', 'Allen', '0645678024'),
('doctor', 'k.brown', 'k.brown@hopital.ma', 'hash25', 'Kevin', 'Brown', '0656789025');

-- 25 doctors
INSERT INTO doctors (user_id, specialization, department_id) VALUES
(1, 'Cardiology', 1),
(2, 'Neurology', 2),
(3, 'Oncology', 3),
(4, 'Pediatrics', 4),
(5, 'Orthopedics', 5),
(6, 'Radiology', 6),
(7, 'Emergency Medicine', 7),
(8, 'Urology', 8),
(9, 'Dermatology', 9),
(10, 'Ophthalmology', 10),
(11, 'ENT', 11),
(12, 'Gynecology', 12),
(13, 'Psychiatry', 13),
(14, 'Endocrinology', 14),
(15, 'Gastroenterology', 15),
(16, 'Cardiology', 1),
(17, 'Emergency Medicine', 7),
(18, 'Pediatrics', 4),
(19, 'Orthopedics', 5),
(20, 'Radiology', 6),
(21, 'Neurology', 2),
(22, 'Oncology', 3),
(23, 'Cardiology', 1),
(24, 'Emergency Medicine', 7),
(25, 'Pediatrics', 4);

-- 30 users (role='patient')
INSERT INTO users (role, username, email, password_hash, first_name, last_name, phone) VALUES
('patient', 'alice.a', 'alice.anderson@patient.ma', 'phash1', 'Alice', 'Anderson', '0701234001'),
('patient', 'brian.b', 'brian.brown@patient.ma', 'phash2', 'Brian', 'Brown', '0712345002'),
('patient', 'catherine.c', 'c.cole@patient.ma', 'phash3', 'Catherine', 'Cole', '0723456003'),
('patient', 'david.d', 'd.dunn@patient.ma', 'phash4', 'David', 'Dunn', '0734567004'),
('patient', 'eva.e', 'eva.edwards@patient.ma', 'phash5', 'Eva', 'Edwards', '0745678005'),
('patient', 'frank.f', 'frank.foster@patient.ma', 'phash6', 'Frank', 'Foster', '0756789006'),
('patient', 'grace.g', 'grace.gomez@patient.ma', 'phash7', 'Grace', 'Gomez', '0767890007'),
('patient', 'henry.h', 'henry.hughes@patient.ma', 'phash8', 'Henry', 'Hughes', '0778901008'),
('patient', 'ivy.i', 'ivy.ibrahim@patient.ma', 'phash9', 'Ivy', 'Ibrahim', '0789012009'),
('patient', 'jack.j', 'jack.jacobs@patient.ma', 'phash10', 'Jack', 'Jacobs', '0790123010'),
('patient', 'kara.k', 'kara.kim@patient.ma', 'phash11', 'Kara', 'Kim', '0701234011'),
('patient', 'liam.l', 'liam.lewis@patient.ma', 'phash12', 'Liam', 'Lewis', '0712345012'),
('patient', 'mia.m', 'mia.morris@patient.ma', 'phash13', 'Mia', 'Morris', '0723456013'),
('patient', 'noah.n', 'noah.nguyen@patient.ma', 'phash14', 'Noah', 'Nguyen', '0734567014'),
('patient', 'olivia.o', 'olivia.owens@patient.ma', 'phash15', 'Olivia', 'Owens', '0745678015'),
('patient', 'peter.p', 'peter.peters@patient.ma', 'phash16', 'Peter', 'Peters', '0756789016'),
('patient', 'quinn.q', 'quinn.quartey@patient.ma', 'phash17', 'Quinn', 'Quartey', '0767890017'),
('patient', 'rachel.r', 'rachel.ross@patient.ma', 'phash18', 'Rachel', 'Ross', '0778901018'),
('patient', 'samuel.s', 'samuel.stone@patient.ma', 'phash19', 'Samuel', 'Stone', '0789012019'),
('patient', 'tina.t', 'tina.turner@patient.ma', 'phash20', 'Tina', 'Turner', '0790123020'),
('patient', 'uma.u', 'uma.underwood@patient.ma', 'phash21', 'Uma', 'Underwood', '0701234021'),
('patient', 'victor.v', 'victor.vega@patient.ma', 'phash22', 'Victor', 'Vega', '0712345022'),
('patient', 'wendy.w', 'wendy.walsh@patient.ma', 'phash23', 'Wendy', 'Walsh', '0723456023'),
('patient', 'xavier.x', 'xavier.xu@patient.ma', 'phash24', 'Xavier', 'Xu', '0734567024'),
('patient', 'yara.y', 'yara.young@patient.ma', 'phash25', 'Yara', 'Young', '0745678025'),
('patient', 'zachary.z', 'zachary.zimmerman@patient.ma', 'phash26', 'Zachary', 'Zimmerman', '0756789026'),
('patient', 'amber.a', 'amber.abbott@patient.ma', 'phash27', 'Amber', 'Abbott', '0767890027'),
('patient', 'blake.b', 'blake.bishop@patient.ma', 'phash28', 'Blake', 'Bishop', '0778901028'),
('patient', 'chloe.c', 'chloe.carter@patient.ma', 'phash29', 'Chloe', 'Carter', '0789012029'),
('patient', 'dylan.d', 'dylan.dixon@patient.ma', 'phash30', 'Dylan', 'Dixon', '0790123030');

-- 30 patients
INSERT INTO patients (user_id, gender, date_of_birth, address) VALUES
(26, 'F', '1985-02-10', '12 Rue du Chêne, Casablanca'),
(27, 'M', '1978-06-22', '34 Avenue des Pins, Rabat'),
(28, 'F', '1992-11-05', '56 Boulevard des Érables, Marrakech'),
(29, 'M', '2001-03-14', '78 Rue des Bouleaux, Fès'),
(30, 'F', '1969-09-30', '90 Cour des Cèdres, Agadir'),
(31, 'M', '1988-12-01', '12 Rue du Chêne, Casablanca'),
(32, 'F', '1995-07-19', '202 Chemin des Saules, Tanger'),
(33, 'M', '1972-04-25', '34 Avenue des Pins, Rabat'),
(34, 'F', '2000-10-03', '404 Rue des Ormes, Meknès'),
(35, 'M', '1990-01-17', '505 Boulevard des Peupliers, Oujda'),
(36, 'F', '1982-05-28', '606 Avenue des Châtaigniers, Tétouan'),
(37, 'M', '1975-08-09', '56 Boulevard des Érables, Marrakech'),
(38, 'F', '1998-12-12', '808 Rue des Platanes, Kenitra'),
(39, 'M', '2003-02-02', '909 Avenue des Palmiers, Safi'),
(40, 'F', '1987-07-07', '111 Chemin des Séquoias, El Jadida'),
(41, 'M', '1965-11-11', '222 Cour des Cyprès, Nador'),
(42, 'Other', '1999-09-09', '333 Boulevard des Aubépines, Berkane'),
(43, 'F', '1980-03-03', '78 Rue des Bouleaux, Fès'),
(44, 'M', '1994-06-06', '555 Avenue des Genévriers, Al Hoceima'),
(45, 'F', '2006-08-15', '666 Boulevard des Lauriers, Beni Mellal'),
(46, 'F', '1991-11-20', '12 Rue du Chêne, Casablanca'),
(47, 'M', '1983-04-18', '777 Avenue des Frênes, Khouribga'),
(48, 'F', '1996-09-25', '888 Rue des Hêtres, Errachidia'),
(49, 'M', '1989-12-30', '90 Cour des Cèdres, Agadir'),
(50, 'F', '2002-07-14', '999 Chemin des Sapins, Guelmim'),
(51, 'M', '1977-02-28', '34 Avenue des Pins, Rabat'),
(52, 'F', '1993-05-05', '123 Avenue des Épicéas, Ouarzazate'),
(53, 'M', '2004-10-10', '234 Chemin des Noisetiers, Laâyoune'),
(54, 'F', '1986-08-22', '345 Colline des Chênes, Dakhla'),
(55, 'M', '1998-03-17', '456 Avenue des Magnolias, Tan-Tan');

-- 40 appointments
INSERT INTO appointments (date, time, doctor_id, patient_id, reason, status) VALUES
('2026-01-10', '09:00:00', 1, 26, 'Chest pain follow-up', 'scheduled'),
('2026-01-10', '10:30:00', 2, 27, 'Migraine consultation', 'scheduled'),
('2026-01-10', '14:00:00', 3, 28, 'Chemotherapy review', 'done'),
('2026-01-11', '11:15:00', 4, 29, 'Vaccination', 'scheduled'),
('2026-01-11', '15:45:00', 5, 30, 'Knee pain', 'cancelled'),
('2026-01-12', '08:30:00', 6, 31, 'X-ray results', 'done'),
('2026-01-12', '13:20:00', 7, 32, 'Emergency follow-up', 'scheduled'),
('2026-01-13', '09:45:00', 8, 33, 'UTI symptoms', 'scheduled'),
('2026-01-13', '16:10:00', 9, 34, 'Rash treatment', 'done'),
('2026-01-14', '10:00:00', 10, 35, 'Eye exam', 'scheduled'),
('2026-01-14', '14:30:00', 11, 36, 'Ear infection', 'scheduled'),
('2026-01-15', '11:00:00', 12, 37, 'Prenatal check', 'done'),
('2026-01-15', '17:20:00', 13, 38, 'Anxiety review', 'scheduled'),
('2026-01-16', '09:15:00', 14, 39, 'Diabetes management', 'scheduled'),
('2026-01-16', '12:45:00', 15, 40, 'Stomach pain', 'done'),
('2026-01-17', '10:20:00', 16, 41, 'Heart check', 'scheduled'),
('2026-01-17', '15:00:00', 17, 42, 'Injury follow-up', 'cancelled'),
('2026-01-18', '08:45:00', 18, 43, 'Child wellness', 'scheduled'),
('2026-01-18', '14:15:00', 19, 44, 'Back pain', 'done'),
('2026-01-19', '11:30:00', 20, 45, 'MRI review', 'scheduled'),
('2026-01-19', '16:45:00', 21, 46, 'Neurology consult', 'scheduled'),
('2026-01-20', '09:30:00', 22, 47, 'Cancer screening', 'done'),
('2026-01-20', '13:00:00', 23, 48, 'Cardiac evaluation', 'scheduled'),
('2026-01-21', '10:45:00', 24, 49, 'Emergency review', 'cancelled'),
('2026-01-21', '15:30:00', 25, 50, 'Pediatric check', 'scheduled'),
('2026-01-22', '08:20:00', 1, 51, 'Routine heart check', 'done'),
('2026-01-22', '12:10:00', 4, 52, 'Well-baby visit', 'scheduled'),
('2026-01-23', '14:00:00', 7, 53, 'Post-ER follow-up', 'scheduled'),
('2026-01-23', '16:30:00', 5, 54, 'Ortho consult', 'done'),
('2026-01-24', '09:10:00', 2, 55, 'Headache management', 'scheduled'),
('2026-01-24', '11:40:00', 10, 26, 'Vision test', 'scheduled'),
('2026-01-25', '13:25:00', 12, 27, 'OBGYN visit', 'done'),
('2026-01-25', '17:50:00', 14, 28, 'Thyroid check', 'scheduled'),
('2026-01-26', '10:05:00', 9, 29, 'Skin biopsy follow-up', 'cancelled'),
('2026-01-26', '14:35:00', 6, 30, 'CT scan review', 'scheduled'),
('2026-01-27', '09:55:00', 11, 31, 'Throat infection', 'done'),
('2026-01-27', '15:25:00', 13, 32, 'Mental health', 'scheduled'),
('2026-01-28', '11:15:00', 8, 33, 'Kidney stones', 'scheduled'),
('2026-01-28', '16:40:00', 3, 34, 'Oncology follow-up', 'done');

-- 18 medications
INSERT INTO medications (name, instructions) VALUES
('Atorvastatin', '10mg daily with food'),
('Metformin', '500mg twice daily'),
('Lisinopril', '10mg once daily'),
('Amlodipine', '5mg daily'),
('Omeprazole', '20mg daily before breakfast'),
('Ibuprofen', '400mg every 6-8 hours as needed'),
('Paracetamol', '500mg every 4-6 hours as needed'),
('Amoxicillin', '500mg three times daily'),
('Sertraline', '50mg once daily'),
('Levothyroxine', '100mcg daily empty stomach'),
('Salbutamol', '2 puffs as needed'),
('Hydrochlorothiazide', '25mg daily'),
('Simvastatin', '20mg nightly'),
('Metoprolol', '50mg twice daily'),
('Pantoprazole', '40mg daily'),
('Prednisolone', '5mg daily taper'),
('Losartan', '50mg daily'),
('Gabapentin', '300mg three times daily');

-- 22 prescriptions
INSERT INTO prescriptions (date, doctor_id, patient_id, medication_id, dosage_instructions) VALUES
('2025-12-20', 1, 26, 1, 'Atorvastatin 20mg nightly'),
('2025-12-21', 2, 27, 9, 'Sertraline 50mg daily x 30 days'),
('2025-12-22', 3, 28, 2, 'Metformin 500mg BID'),
('2025-12-23', 4, 29, 7, 'Paracetamol 1g QID prn pain'),
('2025-12-24', 5, 30, 6, 'Ibuprofen 400mg TID prn'),
('2025-12-25', 6, 31, 16, 'Pantoprazole 40mg daily'),
('2025-12-26', 7, 32, 12, 'Salbutamol inhaler prn'),
('2025-12-27', 14, 39, 10, 'Levothyroxine 100mcg daily'),
('2025-12-28', 16, 41, 3, 'Lisinopril 10mg daily'),
('2025-12-29', 22, 47, 4, 'Amlodipine 5mg daily'),
('2025-12-30', 18, 43, 5, 'Omeprazole 20mg daily'),
('2025-12-31', 25, 50, 14, 'Metoprolol 25mg BID'),
('2026-01-01', 1, 51, 13, 'Simvastatin 20mg nightly'),
('2026-01-02', 9, 29, 17, 'Losartan 50mg daily'),
('2026-01-03', 3, 34, 2, 'Metformin 1000mg daily'),
('2026-01-04', 13, 32, 9, 'Sertraline 100mg daily'),
('2026-01-05', 8, 33, 8, 'Amoxicillin 500mg TID x7 days'),
('2026-01-06', 5, 54, 6, 'Ibuprofen 600mg TID'),
('2026-01-07', 14, 28, 10, 'Levothyroxine 125mcg daily'),
('2026-01-08', 12, 27, 15, 'Prednisolone 20mg daily taper'),
('2026-01-09', 2, 55, 18, 'Gabapentin 300mg TID'),
('2026-01-10', 23, 48, 1, 'Atorvastatin 40mg daily');
